{
	"info": {
		"_postman_id": "b659f695-4039-4fab-a7f7-25a60e8b103e",
		"name": "Library",
		"schema": "https://schema.getpostman.com/json/collection/v2.1.0/collection.json",
		"_exporter_id": "17512514",
		"_collection_link": "https://warped-rocket-808423.postman.co/workspace/LatestBook~e7274cd4-d7d2-4a0d-b32b-e1311fc1edbd/collection/17512514-b659f695-4039-4fab-a7f7-25a60e8b103e?action=share&source=collection_link&creator=17512514"
	},
	"item": [
		{
			"name": "Add_Book",
			"event": [
				{
					"listen": "test",
					"script": {
						"exec": [
							"const jsonData = pm.response.json();\r",
							"pm.collectionVariables.set(\"flag\", false);\r",
							"\r",
							"const book_id = jsonData.ID;\r",
							"pm.environment.set(\"Book_ID\", book_id);\r",
							"const req = JSON.parse(pm.request.body.raw);\r",
							"\r",
							"pm.test(\"validate the success status code\", function () {\r",
							"    try {\r",
							"        pm.response.to.have.status(200);\r",
							"        pm.expect(jsonData).to.have.property('Msg');\r",
							"        pm.expect(jsonData.Msg).to.equals(\"successfully added\");\r",
							"    }\r",
							"    catch (err) {\r",
							"        if(jsonData.Msg.includes(\"Exists\"))\r",
							"        {\r",
							"            cleanupScript();\r",
							"        }\r",
							"    }\r",
							"\r",
							"})\r",
							"\r",
							"function cleanupScript() {\r",
							"\r",
							"    const book_id = generateBookId();\r",
							"    pm.environment.set(\"Book_ID\", book_id);\r",
							"    pm.collectionVariables.set(\"flag\", true);\r",
							"\r",
							"    postman.setNextRequest(\"Delete_Book\");\r",
							"}\r",
							"\r",
							"function generateBookId()\r",
							"{\r",
							"    const expected_id = req.isbn + req.aisle;\r",
							"    return expected_id;\r",
							"}\r",
							"\r",
							"\r",
							"pm.test(\"Validate the responce time\", function () {\r",
							"    pm.response.to.have.header(\"Content-Type\");\r",
							"    pm.expect(pm.response.responseTime).to.be.below(1200);\r",
							"\r",
							"    pm.expect(pm.response.headers.get(\"Content-Type\")).to.eql(\"application/json;charset=UTF-8\");\r",
							"\r",
							"    pm.expect(pm.response.text()).to.include(\"successfully added\")\r",
							"\r",
							"});\r",
							"\r",
							"pm.test(\"Validate the ID logic\", function () {\r",
							"    const expected_id = generateBookId();\r",
							"    pm.expect(expected_id).to.eql(book_id);\r",
							"});\r",
							""
						],
						"type": "text/javascript",
						"packages": {}
					}
				},
				{
					"listen": "prerequest",
					"script": {
						"exec": [
							"pm.collectionVariables.set(\"flag\", false);\r",
							"const code = pm.globals.get(\"Cmp_Code\");\r",
							"\r",
							"const val = pm.variables.replaceIn('{{$randomInt}}');\r",
							"\r",
							"pm.collectionVariables.set(\"isbn\",code+val);\r",
							"pm.collectionVariables.set(\"Book_Name\", pm.iterationData.get(\"Book_Name\")); //first book name is variable and last one is Coloumn name in excel\r",
							"console.log(pm.collectionVariables.get(\"Book_Name\"));\r",
							"pm.collectionVariables.set(\"author\", pm.iterationData.get(\"author\"));\r",
							"console.log(pm.collectionVariables.get(\"author\"));"
						],
						"type": "text/javascript",
						"packages": {}
					}
				}
			],
			"request": {
				"method": "POST",
				"header": [],
				"body": {
					"mode": "raw",
					"raw": "{\r\n\"name\":\"{{Book_Name}}\",\r\n\"isbn\":\"{{isbn}}\",\r\n\"aisle\":\"1000\",\r\n\"author\":\"{{author}}\"\r\n}\r\n",
					"options": {
						"raw": {
							"language": "json"
						}
					}
				},
				"url": {
					"raw": "{{Base_URL}}/Library/Addbook.php",
					"host": [
						"{{Base_URL}}"
					],
					"path": [
						"Library",
						"Addbook.php"
					]
				}
			},
			"response": []
		},
		{
			"name": "Get_Book",
			"event": [
				{
					"listen": "test",
					"script": {
						"exec": [
							"const getBookResponse = pm.response.json();\r",
							"\r",
							"const jsonSchema = {\r",
							"  \"type\": \"array\",\r",
							"  \"items\": [\r",
							"    {\r",
							"      \"type\": \"object\",\r",
							"      \"properties\": {\r",
							"        \"book_name\": {\r",
							"          \"type\": \"string\"\r",
							"        },\r",
							"        \"isbn\": {\r",
							"          \"type\": \"string\"\r",
							"        },\r",
							"        \"aisle\": {\r",
							"          \"type\": \"string\"\r",
							"        },\r",
							"        \"author\": {\r",
							"          \"type\": \"string\"\r",
							"        }\r",
							"      },\r",
							"      \"required\": [\r",
							"        \"book_name\",\r",
							"        \"isbn\",\r",
							"        \"aisle\",\r",
							"        \"author\"\r",
							"      ]\r",
							"    }\r",
							"  ]\r",
							"}\r",
							"\r",
							"pm.test(\"Validate the json responce logic\", function () {\r",
							"    pm.expect(getBookResponse[0].author).to.eql(pm.collectionVariables.get(\"author\"));\r",
							"});\r",
							"\r",
							"pm.test(\"Validate Json schema\",function()\r",
							"{\r",
							"    pm.response.to.have.status(200);\r",
							"    pm.response.to.have.jsonSchema(jsonSchema);\r",
							"});"
						],
						"type": "text/javascript",
						"packages": {}
					}
				}
			],
			"request": {
				"method": "GET",
				"header": [],
				"url": {
					"raw": "{{Base_URL}}/Library/GetBook.php?ID={{Book_ID}}",
					"host": [
						"{{Base_URL}}"
					],
					"path": [
						"Library",
						"GetBook.php"
					],
					"query": [
						{
							"key": "ID",
							"value": "{{Book_ID}}"
						}
					]
				}
			},
			"response": []
		},
		{
			"name": "Delete_Book",
			"event": [
				{
					"listen": "test",
					"script": {
						"exec": [
							"const jsonSchema1 = {\r",
							"    \"type\": \"object\",\r",
							"    \"properties\": {\r",
							"        \"msg\": {\r",
							"            \"type\": \"string\"\r",
							"        }\r",
							"    },\r",
							"    \"required\": [\r",
							"        \"msg\"\r",
							"    ]\r",
							"}\r",
							"\r",
							"pm.test(\"Validate jsonSchema\", function () {\r",
							"    pm.response.to.have.status(200);\r",
							"    pm.response.to.have.jsonSchema(jsonSchema1);\r",
							"\r",
							"    if (pm.collectionVariables.get(\"flag\")) {\r",
							"        postman.setNextRequest(\"Add_Book\");\r",
							"    }\r",
							"});"
						],
						"type": "text/javascript",
						"packages": {}
					}
				}
			],
			"request": {
				"method": "POST",
				"header": [],
				"body": {
					"mode": "raw",
					"raw": "{\r\n \r\n\"ID\" : \"{{Book_ID}}\"\r\n \r\n} \r\n",
					"options": {
						"raw": {
							"language": "json"
						}
					}
				},
				"url": {
					"raw": "{{Base_URL}}/Library/DeleteBook.php",
					"host": [
						"{{Base_URL}}"
					],
					"path": [
						"Library",
						"DeleteBook.php"
					]
				}
			},
			"response": []
		}
	],
	"event": [
		{
			"listen": "prerequest",
			"script": {
				"type": "text/javascript",
				"packages": {},
				"exec": [
					""
				]
			}
		},
		{
			"listen": "test",
			"script": {
				"type": "text/javascript",
				"packages": {},
				"exec": [
					""
				]
			}
		}
	],
	"variable": [
		{
			"key": "isbn",
			"value": "",
			"type": "string"
		},
		{
			"key": "author",
			"value": "",
			"type": "string"
		},
		{
			"key": "Book_Name",
			"value": "",
			"type": "string"
		},
		{
			"key": "flag",
			"value": "false",
			"type": "string"
		}
	]
}