{
	"info": {
		"_postman_id": "95d8fb1c-80f0-42b3-981f-f595039b80f2",
		"name": "Soap Service",
		"schema": "https://schema.getpostman.com/json/collection/v2.1.0/collection.json"
	},
	"item": [
		{
			"name": "NumberToWordsConvert",
			"event": [
				{
					"listen": "test",
					"script": {
						"exec": [
							"",
							"const responseJson = xml2Json(pm.response.text());",
							"console.log(responseJson);",
							"",
							"pm.test(\"Validate String of response\",function()",
							"{",
							"const actualValue =responseJson[\"soap:Envelope\"][\"soap:Body\"][\"m:NumberToWordsResponse\"][\"m:NumberToWordsResult\"];",
							"",
							"pm.expect(pm.collectionVariables.get(\"result\")).to.be.eql(actualValue);",
							"});",
							"",
							"pm.test(\"parsing the response\",function()",
							"{",
							"",
							"   pm.response.to.have.status(200);",
							"   pm.expect(pm.response.text()).to.include(pm.collectionVariables.get(\"result\"));",
							"});",
							""
						],
						"type": "text/javascript"
					}
				}
			],
			"protocolProfileBehavior": {
				"disabledSystemHeaders": {
					"content-type": true
				}
			},
			"request": {
				"method": "POST",
				"header": [
					{
						"key": "Content-Type",
						"value": "application/soap+xml; charset=utf-8",
						"type": "text"
					}
				],
				"body": {
					"mode": "raw",
					"raw": "<soap12:Envelope xmlns:soap12=\"http://www.w3.org/2003/05/soap-envelope\">\n  <soap12:Body>\n    <NumberToWords xmlns=\"http://www.dataaccess.com/webservicesserver/\">\n      <ubiNum>{{number}}</ubiNum>\n    </NumberToWords>\n  </soap12:Body>\n</soap12:Envelope>",
					"options": {
						"raw": {
							"language": "xml"
						}
					}
				},
				"url": {
					"raw": "https://www.dataaccess.com/webservicesserver/NumberConversion.wso",
					"protocol": "https",
					"host": [
						"www",
						"dataaccess",
						"com"
					],
					"path": [
						"webservicesserver",
						"NumberConversion.wso"
					]
				}
			},
			"response": []
		}
	],
	"event": [
		{
			"listen": "prerequest",
			"script": {
				"type": "text/javascript",
				"exec": [
					""
				]
			}
		},
		{
			"listen": "test",
			"script": {
				"type": "text/javascript",
				"exec": [
					""
				]
			}
		}
	],
	"variable": [
		{
			"key": "number",
			"value": "400"
		},
		{
			"key": "result",
			"value": "four hundred"
		}
	]
}